id,name,slug,category,pickupPrice,assemblyPrice,disassemblyPrice,volume,price,priceZip,icon,aliases,attributes
7892,"1/3 Cubic Yard of Loose Items",13_cubic_yard_of_loose_items,,45,0,0,0.25,45,30144,GENERIC,"junk;trash",""
7833,"1 Car Garage Cleanout",1_car_garage_cleanout,,500,0,0,2,500,30144,GENERIC,"cleanout","HELPER_REQUIRED"
7832,"2 Car Garage Cleanout",2_car_garage_cleanout,,800,0,0,2,800,30144,GENERIC,"cleanout","HELPER_REQUIRED"
7295,"30 Inch Over the Range Microwave ",30_inch_over_the_range_microwave_,,0,150,0,1.5,0,30144,OVEN_KITCHEN,"TOR30L;thor","HELPER_REQUIRED"
7796,"30 Inch Tilt Panel Electric Range",30_inch_tilt_panel_electric_range,,0,175,0,0.5,0,30144,OVEN_KITCHEN,"thor;TRE3001","HELPER_REQUIRED"
7434,"30"" Range",30"_range,,40,0,0,0.5,40,30144,RANGE,"30;inch;range;zline;kitchen;stove","HELPER_REQUIRED"
7433,"36"" Range",36"_range,,50,0,0,0.5,50,30144,RANGE,"36;inch;range;kitchen;zline;stove","HELPER_REQUIRED"
7834,"3 Car Garage Cleanout",3_car_garage_cleanout,,1100,0,0,2,1100,30144,GENERIC,"cleanout","HELPER_REQUIRED"
7296,"48"" Professional Range ",48"_professional_range_,,0,525,0,0.5,0,30144,RANGE_COMMERCIAL_SIZE,"Thor","HELPER_REQUIRED"
7435,"48"" Range",48"_range,,100,0,0,0.5,100,30144,RANGE,"kitchen;range;stove;48;inch;zline","HELPER_REQUIRED"
7794,"48"" Rangetop",48"_rangetop,,0,155,0,0.5,0,30144,RANGE,"thor","HEAVY;HELPER_REQUIRED;TOOLS"
7466,"60"" Range",60"_range,,150,0,0,0.5,150,30144,RANGE,"zline;kitchen;60;inch;range;stove","HELPER_REQUIRED"
7935,"Above Ground Pool",above_ground_pool,,800,0,0,0.5,800,30144,ABOVE_GROUND_POOL,"pool;above ground pool","DISASSEMBLY;HEAVY;HELPER_REQUIRED;TOOLS"
7712,"Adjustable Bed Base",adjustable_bed_base,,35,30,20,0.5,35,30144,ADJUSTABLE_BED_BASE,"electric;boxspring;base;box;foundation;spring;frame;platform","HELPER_REQUIRED;TOOLS"
7960,"Adjustable Bed Base - Full",adjustable_bed_base_-_full,BOX_SPRING,35,30,20,0.5,35,30144,BED_FRAME_SET,"adjustable;bed;base;full","HELPER_REQUIRED"
7958,"Adjustable Bed Base - King/Cal King",adjustable_bed_base_-_king/cal_king,BOX_SPRING,45,40,30,0.5,45,30144,BED_FRAME_SET,"adjustable;bed;base;king;cal","HELPER_REQUIRED"
7959,"Adjustable Bed Base - Queen",adjustable_bed_base_-_queen,BOX_SPRING,40,30,20,0.5,40,30144,BED_FRAME_SET,"adjustable;bed;base;queen","HELPER_REQUIRED"
7961,"Adjustable Bed Base - Twin",adjustable_bed_base_-_twin,BOX_SPRING,35,30,20,0.5,35,30144,BED_FRAME_SET,"adjustable;bed;base;twin","HELPER_REQUIRED"
7403,"Air Conditioner",air_conditioner,,100,0,0,0.5,100,30144,AIR_CONDITIONER,"ac;window;unit;fan;ventilator","HELPER_REQUIRED"
7404,"Air Conditioner - Window Unit",air_conditioner_window_unit,,25,0,0,0.5,25,30144,AIR_CONDITIONER,"ac;window;unit;fan;ventilator","HELPER_REQUIRED"
7888,"Aquarium - large",aquarium_-_large,,125,200,50,0.5,125,30144,AQUARIUM_LARGE,"tank;fish;fishtank;terrarium","HEAVY;HELPER_REQUIRED"
7889,"Aquarium - Medium",aquarium_-_medium,,75,125,30,0.5,75,30144,AQUARIUM_MEDIUM,"tank;fish;aquarium;fishtank;terrarium","HEAVY;HELPER_REQUIRED"
7887,"Aquarium - small",aquarium_-_small,,30,75,30,0.25,30,30144,AQUARIUM_SMALL,"tank;fush;fish;fishtank;aquarium;terrarium","HELPER_REQUIRED"
7966,"Area Rug (6x9 or smaller)",area_rug_small,CARPET,25,40,0,0.25,25,30144,ARE_RUG_SMALL,"runner;oriental;bath;mat;shag;area rug","HELPER_REQUIRED"
7965,"Area Rug (larger than 6x9)",area_rug_large,CARPET,40,50,0,0.5,40,30144,AREA_RUG_LARGE,"runner;oriental;bath;mat;shag;area rug","HELPER_REQUIRED"
7737,"Artificial Christmas Tree (10ft or less)",artificial_christmas_tree,,30,100,50,0.5,30,30144,ARTIFICIAL_CHRISTMAS_TREE,"Christmas;tree","HELPER_REQUIRED"
7351,"ATV",atv,,300,0,0,0.5,300,30144,ATV,"ATV;4 wheeler","HEAVY;HELPER_REQUIRED"
7735,"Automotive Rim",automotive_rim,,50,0,0,0.5,50,30144,AUTOMOTIVE_RIM,"wheel;rim","HELPER_REQUIRED"
7736,"Automotive Rim and Tire",automotive_rim_and_tire,,70,0,0,0.5,70,30144,AUTOMOTIVE_RIM_AND_TIRE,"rim;wheel;automotive;car;truck","HELPER_REQUIRED"
7292,"Baby Car Seat",baby_seat,,15,0,0,0.5,15,30144,BABY_CAR_SEAT,"baby;chair;feeding;baby;buggy;carriage;pushchair;carrier;child","HELPER_REQUIRED"
7335,"Baby Changing Table",baby_changing_table,,20,0,0,0.5,20,30144,BABY_CHANGING_TABLE,"baby;change;changing;table","HELPER_REQUIRED"
7741,"Baby Swing",baby_swing,,20,30,20,0.5,20,30144,BABY_SWING,"baby;chair;feeding;baby;buggy;carriage;pushchair;perambulator;pram","HELPER_REQUIRED"
7300,"Baby Walker",baby_walker,,15,20,0,0.5,15,30144,BABY_WALKER,"baby;chair;feeding;baby;buggy;carriage;pushchair;perambulator;pram","HELPER_REQUIRED"
7446,"Bag of Junk",bag_of_junk,,25,0,0,0.25,25,30144,BAG_OF_JUNK,"bag;junk;trash;garbage;waste","HELPER_REQUIRED"
7835,"Basement Cleanout",basement_cleanout,,1100,0,0,2,1100,30144,GENERIC,"","HEAVY;HELPER_REQUIRED;TOOLS"
7426,"Basi Systems Arm Chair Barrel Set",basi_systems_arm_chair_barrel_set,,0,145,0,0.5,0,30144,GENERIC,"","HELPER_REQUIRED"
7427,"Basi Systems Ladder Barrel",basi_systems_ladder_barrel,,0,70,0,0.5,0,30144,GENERIC,"","HELPER_REQUIRED"
7429,"Basi Systems Ped A Pull",basi_systems_ped_a_pull,,0,20,0,0.5,0,30144,GENERIC,"","HELPER_REQUIRED"
7662,"Basi Systems Reformer",basi_systems_reformer,,150,170,0,0.5,150,30144,GENERIC,"","HELPER_REQUIRED"
7424,"Basi Systems Reformer Combo",basi_systems_reformer_combo,,0,320,0,0.5,0,30144,GENERIC,"","HELPER_REQUIRED"
7425,"Basi Systems Reformer with Tower",basi_systems_reformer_with_tower,,0,220,0,0.5,0,30144,GENERIC,"","HELPER_REQUIRED"
7430,"Basi Systems Spine Corrector",basi_systems_spine_corrector,,0,20,0,0.5,0,30144,GENERIC,"","HELPER_REQUIRED"
7421,"Basi Systems Wall Tower",basi_systems_wall_tower,,0,200,0,0.5,0,30144,GENERIC,"","HELPER_REQUIRED"
7428,"Basi Systems Wunda Chair",basi_systems_wunda_chair,,0,70,0,0.5,0,30144,GENERIC,"","HELPER_REQUIRED"
7449,"Basi System Trapeze Table (Cadillac)",basi_system_trapeze_table_(cadillac),,0,320,100,0.5,0,30144,GENERIC,"","HELPER_REQUIRED"
7739,"Basketball Goal",basketball_goal,,40,75,30,0.5,40,30144,PORTABLE_BASKETBALL_SHOOTING_MACHINE,"hoop;backboard","HEAVY;HELPER_REQUIRED"
8063,"Bathroom Cleanout",bathroom_cleanout,,150,0,0,2,150,30144,GENERIC,"cleanout","HELPER_REQUIRED"
7364,"Bathtub - Cast Iron",bathtub_-_cast_iron,,300,150,50,0.5,300,30144,BATHTUB_CASTIRON,"","HEAVY;HELPER_REQUIRED"
7810,"Bathtub - Fiberglass",bathtub_fiberglass,,100,100,50,0.5,100,30144,BATHTUB_FIBERGLASS,"tub;jacuzzi;wash tub;basin;washbasin","HELPER_REQUIRED"
7365,"Bathtub - Porcelain",bathtub_porcelain,,200,150,50,0.5,200,30144,BATHTUB_PORCELAIN,"tub;jacuzzi;wash tub;basin;washbasin;cast;iron","HEAVY;HELPER_REQUIRED"
7773,"beanbag - Large",beanbag_-_large,,30,30,0,0.25,30,30144,BEANBAG_LARGE,"","HELPER_REQUIRED"
7772,"Beanbag - Standard size",beanbag_-_standard_size,,15,15,0,0.25,15,30144,BEANBAG_STANDARD_SIZE,"","HELPER_REQUIRED"
7949,"Bed Base/Foundation - Full",bed_base/foundation_-_full,BED_FRAME,30,40,20,0.5,30,30144,BED_FRAME_SET,"bed;frame;base;foundation;full","HELPER_REQUIRED"
7951,"Bed Base/Foundation - King/Cal King",bed_base/foundation_-_king/cal_king,BED_FRAME,45,40,30,0.5,45,30144,BED_FRAME_SET,"bed;frame;base;foundation;king;cal","HELPER_REQUIRED"
7950,"Bed Base/Foundation - Queen",bed_base/foundation_-_queen,BED_FRAME,35,40,20,0.5,35,30144,BED_FRAME_SET,"bed;frame;base;foundation;queen","HELPER_REQUIRED"
7948,"Bed Base/Foundation - Twin",bed_base/foundation_-_twin,BED_FRAME,25,40,20,0.5,25,30144,BED_FRAME_SET,"bed;base;frame;foundation;twin","HELPER_REQUIRED"
7630,"Bed Foundation",bed_foundation,BED_FRAME,30,40,20,0.5,30,30144,BED_FOUNDATION,"foundation;frame;bed;base;platform","HELPER_REQUIRED;TOOLS"
8007,"Bed Frame",bed_frame,BED_FRAME,30,30,20,0.5,30,30144,BED_FRAME,"slats;sleigh;frame;iron;rice;boxspring;mattress;headboard;footboard",""
7945,"	Bed Frame - Full/Queen",	bed_frame_-_full/queen,BED_FRAME,30,30,20,0.5,30,30144,BED_FRAME_SET,"bed;frame;full;queen","HELPER_REQUIRED"
7946,"Bed Frame - King/Cal King",bed_frame_-_king/cal_king,BED_FRAME,40,40,20,0.5,40,30144,BED_FRAME,"bed;frame;king;cal","HELPER_REQUIRED"
7944,"Bed Frame - Twin",bed_frame_-_twin,BED_FRAME,25,30,20,0.5,25,30144,BED_FRAME,"bed;frame;twin","HELPER_REQUIRED"
7953,"Bedframe with Drawers",bedframe_with_drawers,BED_FRAME,50,25,25,0.5,50,30144,BED_FRAME,"bed;frame","HEAVY;HELPER_REQUIRED;TOOLS"
8062,"Bedroom Cleanout - Large",bedroom_cleanout_-_large,,400,0,0,2,400,30144,GENERIC,"cleanout","HELPER_REQUIRED"
8061,"Bedroom Cleanout - Small",bedroom_cleanout_-_small,,250,0,0,0.25,250,30144,GENERIC,"Cleanout","HELPER_REQUIRED"
7952,"Bed Side Rails",bed_side_rails,BED_FRAME,20,25,25,0.5,20,30144,BED_FRAME,"bed;frame;rails","HEAVY;HELPER_REQUIRED"
7713,"Bench",bench,,25,30,20,0.5,25,30144,BENCH,"divan;ottoman;seat;pew;lawn;setee;garden","HELPER_REQUIRED"
7306,"Bicycle",bicycle,,20,30,0,0.5,20,30144,BICYCLE,"mountain;hybrid;comfort;road;tandem;Bike;Unicycle","HELPER_REQUIRED"
7702,"Books, CD, DVD",books,_cd,_dvd,,15,0,0,0.5,15,30144,BOOK_CD_DVD,"media;book;books;cd;dvd","HELPER_REQUIRED"
7740,"Bookshelf",bookshelf,,30,70,20,0.5,30,30144,BOOKSHELF,"cabinet;case;rack;bookcase","HELPER_REQUIRED"
7640,"Box of Junk",box_of_junk,,25,0,0,0.25,25,30144,BAG_OF_JUNK,"","HEAVY"
7939,"Box of Tile",box_of_tile,,25,0,0,0.25,25,30144,CARDBOARD_BOX,"Edward;Edward Martin;Martin","HELPER_REQUIRED"
7783,"Box Spring",box_spring,BOX_SPRING,15,30,20,0.25,15,30144,BOX_SPRING,"foundation;twin;queen;xl;twin;extra;large;twin;full;double;single;platform;boxspring","HELPER_REQUIRED"
7955,"Box Spring - Full",box_spring_-_full,BOX_SPRING,20,30,30,0.25,20,30144,BOX_SPRING,"box;spring;full","HELPER_REQUIRED"
7957,"Box Spring - King/Cal King",box_spring_-_king/cal_king,BOX_SPRING,30,45,45,0.25,30,30144,BOX_SPRING,"box;spring;king;cal","HELPER_REQUIRED"
7956,"Box Spring - Queen",box_spring_-_queen,BOX_SPRING,20,30,30,0.25,20,30144,BOX_SPRING,"box;spring;queen","HELPER_REQUIRED"
7954,"Box Spring - Twin",box_spring_-_twin,BOX_SPRING,15,30,30,0.25,15,30144,BOX_SPRING,"box;spring;twin","HELPER_REQUIRED"
7525,"Brush Pile - Large",brush_pile_-_large,,650,0,0,0.5,650,30144,GENERIC,"","HELPER_REQUIRED"
7524,"Brush Pile - Small",brush_pile_-_small,,250,0,0,0.25,250,30144,GENERIC,"","HELPER_REQUIRED"
7928,"Bundle of 10 broken down Moving Boxes",bundle_of_10_broken_down_moving_boxes,CARDBOARD_BOX,25,0,0,0.25,25,30144,BUNDLE_OF_10_BROKEN_DOWN_MOVING_BOXES,"cardboard;box;moving","HELPER_REQUIRED"
7619,"Bunkbed",bunkbed,BED_FRAME,125,75,75,0.5,125,30144,BUNKBED,"stacked;stackable;loft;frame;mattress;boxspring","HELPER_REQUIRED;TOOLS"
7618,"Bunky Boards",bunky_boards,BED_FRAME,15,20,0,0.5,15,30144,BUNKY_BOARDS,"stacked;stackable;loft;frame;mattress;boxspring","HELPER_REQUIRED"
7655,"Cabinet",cabinet,CABINET,30,0,0,0.5,30,30144,CHINA_CABINET,"",""
7553,"Cabinet - Large",armoire,CABINET,40,50,20,0.5,40,30144,ARMOIRE,"wardrobe;closet;cabinet;cupboard;armoire","HEAVY;HELPER_REQUIRED"
7732,"Cardboard Box (Not Broken Down)",cardboard_box_(not_broken_down),CARDBOARD_BOX,7,0,0,0.25,7,30144,CARDBOARD_BOX,"box;moving;storage;card;board;cardboard","HELPER_REQUIRED"
7927,"Cardboard - Large Bale",cardboard_-_large_bale,CARDBOARD_BOX,125,0,0,0.5,125,30144,CARDBOARD_BOX,"bale;cardboard;box","HEAVY;HELPER_REQUIRED"
7333,"Cardboard - Medium Bale",cardboard_-_medium_bale,CARDBOARD_BOX,75,0,0,0.5,75,30144,CARDBOARD_BOX,"balke;bale;cardboard","HEAVY;HELPER_REQUIRED"
7926,"Cardboard - Small Bale",cardboard_-_small_bale,CARDBOARD_BOX,40,0,0,0.25,40,30144,CARDBOARD_BOX,"bale;cardboard","HEAVY;HELPER_REQUIRED"
7576,"Carpet",carpet,CARPET,25,0,0,0.5,25,30144,CARPET,"room;rug;flooring","HEAVY;HELPER_REQUIRED"
7536,"Carpet Steamer",carpet_steamer,,20,0,0,0.5,20,30144,CARPET_STEAMER,"cleaner;roomba;dustbuster;steamcleaner;bissell;carpet","HELPER_REQUIRED"
7663,"Casket",casket,,175,0,0,0.5,175,30144,GENERIC,"funeral;casket;cascet","HEAVY;HELPER_REQUIRED"
7307,"Cat Tree",cat_tree,,30,30,0,0.5,30,30144,CAT_TREE,"cat;tree;feline;tower;house","HELPER_REQUIRED"
7716,"Ceiling Fan",ceiling_fan,,20,0,0,0.5,20,30144,CEILING_FAN,"","HELPER_REQUIRED"
7579,"Chair",chair,CHAIR,20,30,20,0.5,20,30144,CHAIR,"dining room;chair;captains;elbow;kitchen;arm;patio;folding;camp;garden;lawn;outdoor;armchair;computer","HELPER_REQUIRED"
7742,"Chaise Lounge",chaise_lounge,,35,35,20,0.5,35,30144,CHAISE_LOUNGE,"lounger;outdoor;setee;chair","HELPER_REQUIRED"
7340,"Chandelier - Large",chandelier_large,,50,0,0,0.5,50,30144,CHANDELIER,"light;fixure;candle;lighting;dining room;kitchen;entrance;foyer","HELPER_REQUIRED"
7341,"Chandelier - Small",chadelier_small,,30,0,0,0.25,30,30144,CHANDELIER,"light;fixure;candle;lighting;dining room;kitchen;entrance;foyer","HELPER_REQUIRED"
7807,"Chest",chest,,20,40,20,0.5,20,30144,CHEST,"box;storage","HELPER_REQUIRED"
7962,"China Cabinet",china_cabinet,CABINET,75,40,20,0.5,75,30144,CHINA_CABINET,"hutch;closet;cupboard;cabinet;china","HEAVY;HELPER_REQUIRED"
7720,"Christmas Tree (Live) (10ft or less)",christmas_tree,,30,100,50,0.5,30,30144,CHRISTMAS_TREE,"Christmas;tree","HELPER_REQUIRED"
7370,"Clock - Grandfather",grandfather_clock,,35,35,0,0.5,35,30144,GRANDFATHER_CLOCK,"longcase;clock;tall-case;tall;case","HEAVY;HELPER_REQUIRED"
7581,"Club Chair",club_chair,CHAIR,30,30,20,0.5,30,30144,CLUB_CHAIR,"lounge;morris;wing;and;a;half;extra;large;oversized","HELPER_REQUIRED"
7985,"Combo Dresser",combo_dresser,DRESSER,60,0,0,0.5,60,30144,DRESSER,"dresser","HELPER_REQUIRED"
8057,"Commercial Tire - Automotive",commercial_tire_-_automotive,,65,0,0,0.5,65,30144,TIRE,"tire;commercial","HEAVY;HELPER_REQUIRED"
7997,"Cooktop",cooktop,RANGE,25,0,0,0.5,25,30144,COOKTOP,"range;cooktop","HELPER_REQUIRED"
7342,"Cooler",cooler,,15,0,0,0.5,15,30144,WINE_COOLER_SMALL,"refrigerant;icebox;chiller;cool;box;ice;chest;bag;chilly;bin;esky","HELPER_REQUIRED"
7620,"Cot",cot,BED_FRAME,20,20,0,0.5,20,30144,COT,"cot;camp;camping","HELPER_REQUIRED"
7412,"Couch / Loveseat",couch_/_loveseat,COUCH,30,65,40,1,30,30144,COUCH,"sofa;couch;lounge;loveseat","HELPER_REQUIRED"
7338,"Countertop - Laminates",countertop_laminates,,30,0,0,0.5,30,30144,COUNTERTOP_LAMINATES,"kitchen;bathroom;counter;section","HELPER_REQUIRED"
7343,"Countertop - Stone",countertop_stone,,50,0,0,0.5,50,30144,COUNTERTOP_STONE,"marble;granite;soapstone;quartz;kitchen;bathroom;counter;slab","HEAVY;HELPER_REQUIRED"
7743,"Crib",crib,,30,90,30,0.5,30,30144,CRIB,"baby;bed;bassinet;cradle","HELPER_REQUIRED"
7636,"Cubicle",cubicle,DESK,90,325,100,0.5,90,30144,CUBICLE,"cubical;desk;workstation;cubicle","HELPER_REQUIRED;TOOLS"
7298,"Custom Job - L",custom_job_-_l,,1000,0,0,0.5,1000,30144,GENERIC,"Custom","HELPER_REQUIRED"
7299,"Custom Job - M",custom_job_-_m,,250,0,0,0.5,250,30144,GENERIC,"Custom","HELPER_REQUIRED"
7287,"Custom Job - S",custom_job_-_s,,50,0,0,0.5,50,30144,GENERIC,"Custom","HELPER_REQUIRED"
7472,"Custom Job - XS",custom_job_-_xs,,20,0,0,0.5,20,30144,GENERIC,"Custom","HEAVY;HELPER_REQUIRED"
8047,"CVM-11",cvm-11,REFRIGERATOR,175,0,0,0.5,175,30144,WINE_COOLER_LARGE,"Novamex","HEAVY;HELPER_REQUIRED"
8048,"CVM-13",cvm-13,REFRIGERATOR,175,0,0,0.5,175,30144,WINE_COOLER_LARGE,"Novamex","HEAVY;HELPER_REQUIRED"
8050,"CVM-27",cvm-27,REFRIGERATOR,225,0,0,0.5,225,30144,WINE_COOLER_LARGE,"Novamex","HEAVY;HELPER_REQUIRED"
7617,"Daybed",daybed,BED_FRAME,55,50,40,0.5,55,30144,DAYBED,"trundle;truckle;highriser","HELPER_REQUIRED;TOOLS"
7831,"Den Cleanout",den_cleanout,,500,0,0,2,500,30144,GENERIC,"cleanout","HELPER_REQUIRED"
7631,"Desk",desk,DESK,30,70,20,0.5,30,30144,DESK,"escritoire;secretary;workspace;rolltop;desk;school;writing","DISASSEMBLY;HELPER_REQUIRED;TOOLS"
7633,"Desk - Executive",desk_-_executive,DESK,80,180,35,0.5,80,30144,DESK_EXECUTIVE,"desk;executive;office;commercial","DISASSEMBLY;HEAVY;HELPER_REQUIRED;TOOLS"
7634,"Desk - L-Shaped",l-shaped_desk,DESK,40,160,25,0.5,40,30144,L_SHAPED_DESK,"escritoire;secretary;workspace;rolltop;desk;school;writing;corner","HELPER_REQUIRED;TOOLS"
7977,"Desk - Motorized Sit/Stand",desk_-_motorized_sit/stand,DESK,50,100,100,0.5,50,30144,DESK_MOTORIZED_SIT_STAND,"desk","HEAVY;HELPER_REQUIRED;TOOLS"
7976,"Desk - U Shaped",desk_-_u_shaped,DESK,35,170,40,0.5,35,30144,DESK_U_SHAPED,"desk","HEAVY;HELPER_REQUIRED;TOOLS"
7963,"Dining / China Hutch",dining_/_china_hutch,CABINET,150,70,0,0.5,150,30144,DINING_CHINA_HUTCH,"dining;china;hutch;dining hutch;china hutch;cabinet","HEAVY;HELPER_REQUIRED"
7350,"Dishwasher",dishwasher,,40,0,0,1,40,30144,DISHWASHER,"mechanical;dishwashing;appliance","HELPER_REQUIRED"
7986,"Double Dresser",double_dresser,DRESSER,55,0,0,0.5,55,30144,DRESSER,"dresser","HELPER_REQUIRED"
7979,"Dresser",dresser,DRESSER,30,85,15,0.5,30,30144,DRESSER,"chest;drawers;bureau;chiffomer;chifforobe;dresser","HELPER_REQUIRED;TOOLS"
7884,"Dryer",dryer,WASHER_DRYER,30,0,0,1,30,30144,DRYER,"clothes;tumble;dryer;spin;condenser;drying;machine;laundry","HELPER_REQUIRED"
7406,"E-Bike",e-bike,,50,100,0,0.5,50,30144,GENERIC,"dumber;scooter;cruz;island;cariloha","HELPER_REQUIRED;TOOLS"
7701,"Electric Fireplace",electric_fireplace,,75,0,0,0.5,75,30144,ELECTRIC_FIREPLACE,"fire;place;fireplace;heater","HELPER_REQUIRED"
7708,"Electric Heater - Large",electric_heater_-_large,,75,0,0,0.5,75,30144,ELECTRIC_HEATER_LARGE,"heat;heater;fire;place;fireplace","HELPER_REQUIRED"
7709,"Electric Heater - Small",electric_heater_-_small,,25,0,0,0.25,25,30144,ELECTRIC_HEATER_SMALL,"heat;heater;fire;place;fireplace","HELPER_REQUIRED"
7453,"Electric Scooter",electric_scooter,,75,0,0,0.5,75,30144,GENERIC,"","HELPER_REQUIRED"
7445,"Elliptical",elliptical,,95,50,50,0.5,95,30144,ELLIPTICAL,"exercise;machine;elliptical","HEAVY;HELPER_REQUIRED;TOOLS"
7823,"End table",end_table,,20,25,15,0.5,20,30144,NIGHTSTAND,"side table","HEAVY;HELPER_REQUIRED;TOOLS"
7650,"Entertainment Center - 3 piece",entertainment_center_-_3_piece,TV_STAND,200,300,75,0.5,200,30144,ENTERTAINMENT_CENTER_FOUR_OR_MORE_PIECES,"","DISASSEMBLY;HEAVY;HELPER_REQUIRED;TOOLS"
7648,"Entertainment Center - Large",entertainment_center_-_large,TV_STAND,75,250,75,0.5,75,30144,ENTERTAINMENT_CENTER_LARGE,"tv;entertainment;center;stand","HEAVY;HELPER_REQUIRED"
7557,"Entertainment Center - Small",entertainment_center_-_small,TV_STAND,30,150,30,0.25,30,30144,ENTERTAINMENT_CENTER_SMALL,"tv;center;entertainment;stand","HELPER_REQUIRED"
8055,"EVC04",evc04,REFRIGERATOR,100,0,0,0.5,100,30144,WINE_COOLER_LARGE,"Novamex","HEAVY;HELPER_REQUIRED"
7745,"Exercise Bike",exercise_bike,,50,70,45,0.5,50,30144,GENERIC,"stationary;bicycle;machine;cycling;Recumbent","HELPER_REQUIRED"
7746,"Exterior Door",exterior_door,,75,125,50,0.5,75,30144,EXTERIOR_DOOR,"door","HELPER_REQUIRED"
8012,"EZGrubBench",ezgrubbench,,50,50,0,0.5,50,30144,BENCH,"EZ;Grub","TOOLS"
8008,"EZGrubTub",ezgrubtub,,50,50,0,0.5,50,30144,CHEST,"EZ;Grub","TOOLS"
7830,"Family Room Cleanout",family_room_cleanout,,500,0,0,2,500,30144,GENERIC,"cleanout","HELPER_REQUIRED"
7747,"File Cabinet - 2 or 3 drawer",file_cabinet_-_2_or_3_drawer,,40,60,70,0.5,40,30144,FILE_CABINET_2_OR_3_DRAWER,"","HELPER_REQUIRED;TOOLS"
7750,"File Cabinet - 4 or 5 drawer",file_cabinet_-_4_or_5_drawer,,75,85,100,0.5,75,30144,FILE_CABINET_4_OR_5_DRAWER,"","HELPER_REQUIRED;TOOLS"
7751,"Filing Cabinet",filing_cabinet,,25,50,20,0.5,25,30144,FILING_CABINET,"file;holder;cupboard;office;organizer;storage","HELPER_REQUIRED"
7703,"Floor Jack",floor_jack,,20,0,0,0.5,20,30144,FLOOR_JACK,"car;jack;floor","HELPER_REQUIRED"
7580,"Folding Event Chairs",folding_event_chairs,CHAIR,10,10,0,0.5,10,30144,FOLDING_EVENT_CHAIR,"","HELPER_REQUIRED"
7752,"Foosball or Residential Game Room Table Games",fooseball_table,,150,90,50,2,150,30144,FOOSEBALL_TABLE,"table;soccer;football;game;Tennis;Hockey;Foosball;shuffleboard;ping;pong;air;poker","HEAVY;HELPER_REQUIRED;TOOLS"
7622,"Footboard",footboard,BED_FRAME,15,25,25,0.5,15,30144,FOOTBOARD,"running;board;frame;bed;sleigh;rice;iron;end;post;headboard;mattress;boxspring","HELPER_REQUIRED"
7570,"Freezer",freezer,FREEZER,55,45,45,0.5,55,30144,FREEZER_UPRIGHT,"","DISASSEMBLY;HEAVY;HELPER_REQUIRED;TOOLS"
7989,"Freezer Chest",freezer_chest,FREEZER,50,45,0,0.5,50,30144,FREEZER_CHEST,"deep;freeze;ice;chest;cooler;meat;locker;cold;storage;frozen;food;frigidarium;freezer","HELPER_REQUIRED"
7988,"Freezer - Commercial Size",freezer_-_commercial_size,FREEZER,450,150,150,0.5,450,30144,FREEZER_COMMERCIAL,"freezer;commercial","HEAVY;HELPER_REQUIRED;TOOLS"
7987,"Freezer - Residential Upright",freezer_-_residential_upright,FREEZER,55,45,45,0.5,55,30144,FREEZER_UPRIGHT,"freezer;residential","DISASSEMBLY;HEAVY;HELPER_REQUIRED;TOOLS"
7968,"Futon",futon,COUCH,50,40,30,1,50,30144,FUTON,"sofa;folding;bed;convertible;futon","HELPER_REQUIRED"
8049,"GDM-10",gdm-10,REFRIGERATOR,175,0,0,0.5,175,30144,WINE_COOLER_LARGE,"Novamex","HEAVY;HELPER_REQUIRED"
8046,"GDM-12",gdm-12,REFRIGERATOR,150,0,0,0.5,150,30144,WINE_COOLER_LARGE,"Novamex","HEAVY;HELPER_REQUIRED"
8054,"GDM-15",gdm-15,REFRIGERATOR,175,0,0,0.5,175,30144,WINE_COOLER_LARGE,"Novamex","HEAVY;HELPER_REQUIRED"
8051,"GDM-23",gdm-23,REFRIGERATOR,225,0,0,0.5,225,30144,WINE_COOLER_LARGE,"Novamex","HEAVY;HELPER_REQUIRED"
8052,"GDM-33",gdm-33,REFRIGERATOR,250,0,0,0.5,250,30144,WINE_COOLER_LARGE,"Novamex","HEAVY;HELPER_REQUIRED"
8053,"GDM-33 Mini",gdm-33_mini,REFRIGERATOR,250,0,0,0.25,250,30144,WINE_COOLER_LARGE,"Novamex","HEAVY;HELPER_REQUIRED"
7419,"Generator - Portable",generator_-_portable,,75,0,0,0.5,75,30144,GENERATOR_PORTABLE,"Julia","HEAVY;HELPER_REQUIRED"
7537,"Generator - Stationary",generator_-_stationary,,250,150,50,0.5,250,30144,GENERATOR_STATIONARY,"julia","HEAVY;HELPER_REQUIRED;TOOLS"
7984,"Gentleman's Chest",gentlemans_chest,DRESSER,50,0,0,0.5,50,30144,DRESSER,"gentleman;chest;dresser;drawers","HELPER_REQUIRED"
7583,"Glider - Rocking Chair",glider_-_rocking_chair,CHAIR,30,85,0,0.5,30,30144,GLIDER_ROCKING_CHAIR,"","HELPER_REQUIRED"
7586,"Glider with Ottoman - Rocking Chair",glider_with_ottoman_-_rocking_chair,CHAIR,50,100,0,0.5,50,30144,GLIDER_WITH_OTTOMAN_ROCKING_CHAIR,"","HELPER_REQUIRED"
7344,"Golf Clubs",golf_clubs,,20,0,0,0.5,20,30144,GOLF_CLUBS,"irons;wedges;drivers;putters;putt-putt;country;clubs;wood;hybrid","HELPER_REQUIRED"
7991,"Grill",grill,GRILL,35,25,20,0.5,35,30144,GRILL,"roaster;pit;rotisserie;charcoal;bbq;grill","HELPER_REQUIRED"
7600,"Grill - Propane",grill_-_propane,GRILL,50,45,40,0.5,50,30144,GRILL_PROPANE,"gas;propane;grill","HELPER_REQUIRED"
7621,"Headboard",headboard,BED_FRAME,15,25,25,0.5,15,30144,HEADBOARD,"bed;frame;end;head;post;sleigh;rice;iron;running;headboard;mattress;boxspring","HELPER_REQUIRED"
7753,"Highchair",highchair,,20,25,20,0.5,20,30144,HIGHCHAIR,"baby;chair;feeding;baby;buggy;carriage;pushchair;perambulator;pram","HELPER_REQUIRED"
7331,"Home Gym",home_gym,,200,150,100,0.5,200,30144,HOME_GYM,"gym;system;boflex;exercise;machine;weights;press;golds;treadmill;elliptical;bike;exercise","HEAVY;HELPER_REQUIRED;TOOLS"
7999,"Hood",hood,RANGE,20,0,0,0.5,20,30144,RANGE_HOOD,"range;hood;vent","HELPER_REQUIRED"
7981,"Horizontal Chest of Drawers",horizontal_chest_of_drawers,DRESSER,50,30,0,0.5,50,30144,DRESSER,"dresser;drawers","HELPER_REQUIRED"
7983,"Horizontal Dresser",horizontal_dresser,DRESSER,50,0,0,0.5,50,30144,DRESSER,"dresser;chest;drawers","HELPER_REQUIRED"
7817,"Hospital Bed",hospital_bed,,450,0,0,0.5,450,30144,HOSPITAL_BED,"Bed;hospital;therepy;mattress;medical","HEAVY;HELPER_REQUIRED;TOOLS"
7934,"Hot tub",hot_tub,,820,0,0,0.5,820,30144,HOT_TUB,"Jacuzzi;plunge;bath;sauna;whirlpool","HEAVY;HELPER_REQUIRED;TOOLS"
8009,"Hot Tub Cover",hot_tub_cover,,30,50,0,0.5,30,30144,HOT_TUB_COVER,"hot;tub;hottub;cover;lid","HELPER_REQUIRED"
7638,"Hutch",hutch,DESK,35,60,20,0.5,35,30144,HUTCH,"buffet;cabinet;china;sideboard;desk","HELPER_REQUIRED"
7575,"Ice Machine",ice_machine,FREEZER,100,0,0,0.5,100,30144,ICE_MACHINE,"ice;machine;icemaching;maker;ice maker;ice machine","HELPER_REQUIRED"
7990,"Ice Maker",ice_maker,FREEZER,20,0,0,0.5,20,30144,ICE_MAKER,"ice","HELPER_REQUIRED"
7754,"Interior Door",interior_door,,30,125,50,0.5,30,30144,INTERIOR_DOOR,"door","HELPER_REQUIRED"
7771,"Ironing Board",ironing_board,,15,10,0,0.5,15,30144,IRONING_BOARD,"laundry;iron;press","HELPER_REQUIRED"
7704,"Jackhammer",jackhammer,,100,0,0,0.5,100,30144,JACKHAMMER,"jack;hammer;jackhammer","HEAVY;HELPER_REQUIRED"
7527,"Junk Pile - Large",junk_pile_-_large,,600,0,0,0.5,600,30144,GENERIC,"","HELPER_REQUIRED"
7526,"Junk Pile - Small",junk_pile_-_small,,350,0,0,0.25,350,30144,GENERIC,"","HELPER_REQUIRED"
7417,"Keyboard - Electric",electric_keyboard,,50,15,0,0.5,50,30144,GENERIC,"piano;keys;claviature;clavichord","HELPER_REQUIRED"
7308,"Kids Bike",kids_bike,,20,30,0,0.5,20,30144,KIDS_BIKE,"kid;toy;training;wheel","HELPER_REQUIRED"
8064,"Kitchen Cleanout",kitchen_cleanout,,350,0,0,2,350,30144,GENERIC,"cleanout","HELPER_REQUIRED"
7839,"Labor Hour",labor_hour,,100,100,0,0.5,100,30144,LABOR_HOUR,"","HELPER_REQUIRED"
7346,"Ladder",ladder,,25,0,0,0.5,25,30144,LADDER,"folding;loft;roof;step;rope;fire;escape","HELPER_REQUIRED"
7313,"Lamp",lamp,,15,40,0,0.5,15,30144,LAMP,"light;flash;lantern;bedside;desk;floor;table","HELPER_REQUIRED"
7360,"Large Sports Equipment",large_sports_equipment,,30,0,0,0.5,30,30144,LARGE_SPORTS_EQUIPMENT,"snow;water;wakeboard;snowboard;kneeboard;funboard;longboard;boogieboard;short;board;Skis;Kayak;Paddleboard;Surfboard;Canoe;Basketball;goal;camping;gear;climb;cimbing;soccer","HELPER_REQUIRED"
7347,"Large Wall Decor",large_wall_decor,,25,0,0,0.5,25,30144,LARGE_WALL_DECOR,"glass;wall;full;length;art;poster;framed;art;mirror;picture;frame","HELPER_REQUIRED"
7377,"Lawnmower - Push",lawnmower_push,,50,0,0,0.5,50,30144,LAWNMOWER_PUSH,"mower;cutter;grass;yard;push;lawn","HELPER_REQUIRED"
7378,"Lawnmower - Riding",lawnmower_riding,,300,0,0,0.5,300,30144,LAWNMOWER_RIDING,"mower;cutter;grass;yard;riding;lawn","HEAVY;HELPER_REQUIRED"
7705,"Leafblower",leafblower,,50,0,0,0.5,50,30144,GENERIC,"leaf;blower;leafblower","HELPER_REQUIRED"
7379,"Linens",linens,,5,0,0,0.5,5,30144,LINENS,"sheet;bed;shams;comforter;duvet;cover;coverlet;blanket;fitted;flat;bedding;pillowcase;quilt;down;feather;bottom;skirt;dust;ruffle;valance;throw","HELPER_REQUIRED"
7982,"Lingerie Chest",lingerie_chest,DRESSER,35,0,0,0.5,35,30144,DRESSER,"dresser;chest;lingerie","HELPER_REQUIRED"
7828,"Living Room Cleanout",living_room_cleanout,,500,0,0,2,500,30144,GENERIC,"cleanout","HELPER_REQUIRED"
7967,"Loveseat - Reclining",loveseat_reclining,COUCH,75,35,20,1,75,30144,LOVESEAT_RECLINING,"setee;couch;two-seater;courting;chesterfield;window;seat;recliner;reclining;power;sofa;loveseat","HEAVY;HELPER_REQUIRED"
7380,"Luggage",luggage,,20,0,0,0.5,20,30144,LUGGAGE,"duffle;bag;case;travel;baggage;gear;overnight;trunk;carryon;carry;on;tote;backpack;pack;hanging;satchel;grip;portmanteau;valise;suitcase","HELPER_REQUIRED"
7566,"Marble/Concrete Table ",marble/concrete_table_,TABLE,90,185,40,0.5,90,30144,MARBLE_CONCRETE_TABLE,"table;concrete;marble;stone;granite;quartz;Kathy","HEAVY;HELPER_REQUIRED"
7584,"Massage Chair",massage_chair,CHAIR,100,100,0,0.5,100,30144,MASSAGE_CHAIR,"Massage;chair;recliner;rocker;masage","HEAVY;HELPER_REQUIRED"
7793,"Mattress",mattress,MATTRESS,30,30,30,1,30,30144,MATTRESS,"twin;queen;king;cal;xl;extra;large;full;double;single;california","HELPER_REQUIRED"
7784,"Mattress Coil Set",mattress_coil_set,,40,0,0,1,40,30144,MATTRESS,"","HELPER_REQUIRED"
7943,"Mattress - Crib",mattress_crib,MATTRESS,15,20,0,1,15,30144,MATTRESS_CRIB,"baby;bed;bassinet;cradle;mattress;crib","HELPER_REQUIRED"
7940,"Mattress - Full",mattress_-_full,MATTRESS,30,30,0,1,30,30144,MATTRESS,"mattress;full","HELPER_REQUIRED"
7942,"Mattress - King/Cal King",mattress_-_king/cal_king,MATTRESS,40,40,0,1,40,30144,MATTRESS,"mattress;king;cal","HELPER_REQUIRED"
7947,"Mattress - Queen",mattress_-_queen,MATTRESS,35,30,0,1,35,30144,MATTRESS,"mattress;queen","HELPER_REQUIRED"
7284,"Mattress Topper",mattress_topper,MATTRESS,20,15,20,1,20,30144,MATTRESS_TOPPER,"pillow;topper;top;pad;cover;mattress;protector;egg;crate","HELPER_REQUIRED"
7941,"Mattress - Twin",mattress_-_twin,MATTRESS,25,30,0,1,25,30144,MATTRESS,"mattress;twin","HELPER_REQUIRED"
7407,"Medical Treatment Table",medical_treatment_table,,75,75,0,0.5,75,30144,GENERIC,"mammoth","HEAVY;HELPER_REQUIRED"
7381,"Microwave",microwave,,15,0,0,1.5,15,30144,GENERIC,"conventional;oven;toaster;toaster;convection","HELPER_REQUIRED"
7286,"Mileage",mileage,,3,0,0,0.5,3,30144,GENERIC,"AIT","HELPER_REQUIRED"
7718,"Mirror",mirror,,30,20,20,0.5,30,30144,MIRROR,"Wall;floor;hanging","HELPER_REQUIRED"
7283,"Mirror - Dresser",mirror_-_dresser,DRESSER,30,25,30,0.5,30,30144,DRESSER,"mirror;dresser","HELPER_REQUIRED;TOOLS"
7357,"Miscellaneous Garden Equipment - Small",miscellaneous_garden_equipment_small,,10,0,0,0.25,10,30144,MISCELLANEOUS_GARDEN_EQUIPMENT_SMALL,"shovel;hoe;gloves;spade;planter;rake;pots;plants;shears;gardening;forks;trowels;pruners;watering;can;hose;water;post;hole;digger;loppers;axe","HELPER_REQUIRED"
7362,"Miscellaneous Home Decor",miscellaneous_home_decor,,15,0,0,0.5,15,30144,MISCELLANEOUS_HOME_DECOR,"art;poster;framed;small;picture;frame;knick;knacks","HELPER_REQUIRED"
7358,"Miscellaneous Power Tools",miscellaneous_power_tools,,15,0,0,0.5,15,30144,MISCELLANEOUS_POWER_TOOLS,"electric;tools;drill;saw;sander;nail;gun;air;compressors;inflators;planers;routers;impact;wrenches;lathes;presses","HELPER_REQUIRED"
7363,"Miscellaneous Small Electronics",miscellaneous_small_electronics,,15,0,0,0.25,15,30144,MISCELLANEOUS_SMALL_ELECTRONICS,"DVD;player;video;camera;computer;desktop;printer;air;purifier;monitor;radio;small;fan;vcr;movie;blue-ray;disc;digital;camcorder;screendisplay;pc;laptop;desktop;mac;macbook;cpu;notebook;typewriter;transmitter;boombox;record;recorder;hi-fi;transistor;transmission;wireless;AM-FM;CB;tuner;cd;cassette;tape;deck;audio;system;deck;CD;personal;radio;sound;component;set;console;high-fidelity;PA;sound;board;speakers;ventilator;window;cleaner;filter","HELPER_REQUIRED"
7356,"Miscellaneous Small Exercise Equipment",miscellaneous_exercise_equipment,,20,0,0,0.25,20,30144,MISCELLANEOUS_EXERCISE_EQUIPMENT,"free;weights;yoga;matt;ball;stretch;resistance;bands;loops;medicine;dumbbell;bell;kettle;roller;mat;jump;rope;cuff;kettlebell;strap;step;riser;slide;board;personal;trampoline","HELPER_REQUIRED"
7354,"Miscellaneous Small Kitchen Appliances",miscellaneous_kitchen_appliances,,15,0,0,1.5,15,30144,MISCELLANEOUS_KITCHEN_APPLIANCES,"bullet;can;opener;icecream;ice;bread;wok;crock;pot;toaster;maker","HELPER_REQUIRED"
7361,"Miscellaneous Sports Equipment",miscellaneous_sports_equipment,,15,0,0,0.5,15,30144,MISCELLANEOUS_SPORTS_EQUIPMENT,"balls;bats;tee;baseball;base;glove;hockey;stick;basketball;football;golf;tennis;racket","HELPER_REQUIRED"
7355,"Miscellaneous Toys",miscellaneous_toys,,15,0,0,0.5,15,30144,MISCELLANEOUS_TOYS,"dolls;legos;stuffed;animals;blocks;cars;hot;wheels;toys","HELPER_REQUIRED"
7821,"Miscellaneous Yard Equipment",miscellaneous_yard_equipment,,20,0,0,0.5,20,30144,MISCELLANEOUS_YARD_EQUIPMENT,"weed;eater;weedeater;hedge;trimmer;edger;chain;saw;chainsaw;wheel;barrow;wheelbarrow;blower;snow;snowblower;leafblower","HELPER_REQUIRED"
7382,"Motorcycle",motorcycle,,300,0,0,0.5,300,30144,MOTORCYCLE,"Motorcycle;dirt;bike;offroad","HEAVY;HELPER_REQUIRED"
7336,"Moving fee (within 15 miles)",moving_fee_(within_15_miles),,65,0,0,0.5,65,30144,GENERIC,"moving","HELPER_REQUIRED"
7616,"Murphy Bed",murphy_bed,BED_FRAME,75,200,100,0.5,75,30144,MURPHY_BED,"wall;bed;cupboard;closet","HELPER_REQUIRED"
7722,"Musical Instruments",musical_instruments,,15,0,0,0.5,15,30144,MUSICAL_INSTRUMENTS,"guitar;bass;amp;violin;viola;cello;basson;drums;clarinet;trumpet;oboe;saxophone;trombone;electric;harmonica;ukulele;bagpipes;accordion;cymbol;flute;french;horn;gong;harpsichord;tamborine;tuba;xylophone","HELPER_REQUIRED"
7824,"Nightstand",nightstand,DRESSER,20,25,15,0.5,20,30144,NIGHTSTAND,"nightstand;table","HELPER_REQUIRED"
7582,"Office Chair",office_chair,CHAIR,25,25,30,0.5,25,30144,OFFICE_CHAIR,"desk chair;chair;office chair","HELPER_REQUIRED"
7409,"office phone booth",office_phone_booth,,0,350,0,0.5,0,30144,GENERIC,"","HEAVY;HELPER_REQUIRED;TOOLS"
7837,"Ophthalmic Chair ",ophthalmic_chair_,,90,0,0,0.5,90,30144,RECLINER,"Advancing Eye Care;advancing;eye","HELPER_REQUIRED"
7836,"Ophthalmic Instrument Stand",ophthalmic_instrument_stand,,90,0,0,0.5,90,30144,GENERIC,"advancing eye care;advancing;eye","HELPER_REQUIRED"
7373,"Organ - Electric",electric_organ,,300,0,0,0.5,300,30144,ELECTRIC_ORGAN,"tube;organ;keyboard;church","HELPER_REQUIRED"
7719,"Ottoman",ottoman,,25,30,25,0.5,25,30144,OTTOMAN,"footrest;foot;stool;footstool;pouffe;pouf;hassock","HELPER_REQUIRED"
7385,"Outdoor Chair",outdoor_seating_set,,30,30,20,0.5,30,30144,OUTDOOR_SEATING_SET,"seating;table;lounger;dining;patio;pool;side","HELPER_REQUIRED"
7755,"Outdoor Fire Pit",outdoor_fire_pit_set,,30,50,20,0.5,30,30144,OUTDOOR_FIRE_PIT_SET,"seating;table;lounger;dining;patio;pool;side;fireplace","HELPER_REQUIRED"
7383,"Outdoor Furniture",outdoor_furniture_set,,30,30,20,0.5,30,30144,OUTDOOR_FURNITURE_SET,"seating;table;lounger;dining;patio;pool;side","HELPER_REQUIRED"
7327,"Outdoor Furniture - Sectional",outdoor_furniture_-_sectional,,175,150,0,0.5,175,30144,OUTDOOR_FURNITURE_SECTIONAL,"outdoor;sectional","HELPER_REQUIRED"
7384,"Outdoor Lounge Chair",outdoor_lounge_set,,30,30,20,0.5,30,30144,OUTDOOR_LOUNGE_SET,"seating;table;lounger;dining;patio;pool;side;chaise","HELPER_REQUIRED"
7607,"Oven - Double Wall Oven",oven_-_double_wall_oven,RANGE,80,0,0,1.5,80,30144,OVEN_DOUBLE_WALL_OVEN,"oven;range;stove","HEAVY;HELPER_REQUIRED"
7606,"Oven - Kitchen",oven_-_kitchen,RANGE,40,0,0,1.5,40,30144,OVEN_KITCHEN,"stove;oven;range","HEAVY;HELPER_REQUIRED"
8059,"Oversized Wood Pallet",oversized_wood_pallet,,25,0,0,0.5,25,30144,WOOD_PALLET,"wood;pallet","HELPER_REQUIRED"
8065,"Paint - 1 Gallon Paint Can",paint_-_1_gallon_paint_can,,12,0,0,0.5,12,30144,PAINT_1_GALLON_PAINT_CAN,"1;paint;gallon","HELPER_REQUIRED"
7726,"Paint - 5 Gallon Bucket",paint_-_5_gallon_bucket,,25,0,0,0.5,25,30144,PAINT_5_GALLON_BUCKET,"5;gallon;paint;bucket;can","DISASSEMBLY;HELPER_REQUIRED"
7386,"Paper Shredder",paper_shredder,,20,0,0,0.5,20,30144,PAPER_SHREDDER,"","HELPER_REQUIRED"
7337,"Peloton Exercise Bike",peloton_exercise_bike,,85,0,0,0.5,85,30144,GENERIC,"","HEAVY;HELPER_REQUIRED"
7731,"Piano - Baby Grand",piano_baby_grand,,450,250,100,0.5,450,30144,PIANO_BABY_GRAND,"keyboard;musical;instrument;concert;player;spinet;pianoforte","HEAVY;HELPER_REQUIRED;TOOLS"
7664,"Piano - Grand",piano_grand,,500,250,100,0.5,500,30144,PIANO_GRAND,"keyboard;parlor;grand;musical;instrument;concert;player;spinet;pianoforte","HEAVY;HELPER_REQUIRED;TOOLS"
7730,"Piano - Upright",piano_upright,,375,360,100,0.5,375,30144,PIANO_UPRIGHT,"keyboard;musical;instrument;concert;player;spinet;pianoforte","HEAVY;HELPER_REQUIRED;TOOLS"
7850,"Pilates Cadillac Reformer",pilates_cadillac_reformer,,0,320,0,0.5,0,30144,PILATES_MACHINE,"Pilates;Cadillac;Reformer","HELPER_REQUIRED;TOOLS"
7387,"Pilates Machine",pilates_machine,,50,50,30,0.5,50,30144,PILATES_MACHINE,"pilates;yoga;stretch;stretching;exercise;gym","HELPER_REQUIRED;TOOLS"
7848,"Pilates Reformer",pilates_reformer,,150,170,0,0.5,150,30144,PILATES_MACHINE,"Pilates;Reformer","HELPER_REQUIRED;TOOLS"
7849,"Pilates Reformer with Tower",pilates_reformer_with_tower,,0,220,0,0.5,0,30144,PILATES_MACHINE,"Pilates;Reformer;Tower","HELPER_REQUIRED;TOOLS"
7388,"Pillow",pillow,,10,0,0,0.5,10,30144,PILLOW,"cushion;headrest;throw;sham;queen;king;regular;extra;long;body;husband;nursing","HELPER_REQUIRED"
7405,"Pizza Oven - Portable",pizza_oven_-_portable,,40,50,0,1.5,40,30144,PIZZA_OVEN_PORTABLE,"pizza;oven;gozney;dome;outdoor;grill","HELPER_REQUIRED"
7738,"Pizza Oven Stand",pizza_oven_stand,,25,0,0,1.5,25,30144,PIZZA_OVEN_STAND,"gozney","HEAVY;HELPER_REQUIRED"
7416,"Playground",playground,,500,800,200,0.5,500,30144,PLAYGROUND,"playground;swingset;outdoor","DISASSEMBLY;HEAVY;HELPER_REQUIRED;TOOLS"
7303,"Play Pen",play_pen,,20,20,0,0.5,20,30144,PLAY_PEN,"enclosure;pen;cage;baby;gate;play yard;yard","HELPER_REQUIRED"
7756,"Playset - Indoor",playset_indoor,,40,45,20,0.5,40,30144,PLAYSET_INDOOR,"indoor;swing set;playskool;swing;slide;tikes;climber;house;little","HEAVY;HELPER_REQUIRED;TOOLS"
7637,"Podium",podium,DESK,20,30,0,0.5,20,30144,PODIUM,"Lectern;reading;stand;music","HELPER_REQUIRED"
7844,"Poker Table",poker_table,TABLE,0,160,0,0.5,0,30144,TABLE_CONFERENCE_ROOM_TABLE,"Ram;Game Room","HEAVY;HELPER_REQUIRED;TOOLS"
7936,"Pool Table or Commercial Game Room Table Games",pool_table,,350,285,350,2,350,30144,POOL_TABLE,"billiard;table;snooker;soccer;football;game;Tennis;Hockey;Foosball;shuffleboard;ping;pong;poker","HEAVY;HELPER_REQUIRED;TOOLS"
7375,"Portable Basketball Shooting Machine",portable_basketball_shooting_machine,,0,70,0,0.5,0,30144,PORTABLE_BASKETBALL_SHOOTING_MACHINE,"Grind;portable;basketball","HELPER_REQUIRED"
7758,"Power Ride On Toy",power_ride_on_toy,,100,75,100,0.5,100,30144,POWER_RIDE_ON_TOY,"powerwheel","HELPER_REQUIRED"
7725,"Printer - Free Standing",printer_free_standing,,200,0,0,0.5,200,30144,PRINTER_FREE_STANDING,"fax machine;copier;scanner","HELPER_REQUIRED"
7531,"	Proof of Disposal",	proof_of_disposal,,25,0,0,0.5,25,30144,GENERIC,"","HELPER_REQUIRED"
7470,"Proof of Recycling - Appliances Only",proof_of_recycling_-_appliances_only,,25,0,0,1.5,25,30144,GENERIC,"","HELPER_REQUIRED"
7602,"Propane Tank - 120 Gallon",propane_tank_-_120_gallon,GRILL,200,0,0,0.5,200,30144,PROPANE_TANK_120_GALLON,"propane;tank","HEAVY;HELPER_REQUIRED"
7603,"Propane Tank - 20lb Grill Size",propane_tank_-_20lb_grill_size,GRILL,20,25,15,0.5,20,30144,PROPANE_TANK_GRILL_20LB,"grill;tank;propane","HELPER_REQUIRED"
7993,"Propane tank - 250+ Gallon Tank",propane_tank_-_250+_gallon_tank,GRILL,1000,0,0,0.5,1000,30144,PROPANE_TANK_250_GALLON_TANK,"propane","HEAVY;HELPER_REQUIRED"
7995,"Range",range,RANGE,40,0,0,0.5,40,30144,RANGE,"oven;burner;stove;range","HELPER_REQUIRED"
7996,"Range - Commercial Size",range_commercial_size,RANGE,120,0,50,0.5,120,30144,RANGE_COMMERCIAL_SIZE,"oven;burner;cooktop;stove;commercial;equipment;kitchen;range","HEAVY;HELPER_REQUIRED"
7994,"Range / Oven",range_oven,RANGE,40,0,0,1.5,40,30144,RANGE,"range","HELPER_REQUIRED"
7441,"Recliner",recliner,,55,35,20,0.5,55,30144,RECLINER,"rocking;chair;glider;swivel;lift;reclining;power glider;lift chair","HEAVY;HELPER_REQUIRED"
7440,"Reclining Sofa",reclining_sofa,COUCH,95,65,40,1,95,30144,RECLINING_SOFA,"recliner;reclining sofa;sofa;couch;sectional;power","HEAVY;HELPER_REQUIRED"
7408,"Recumbent Exercise Cycle",recumbent_exercise_cycle,,100,100,0,0.5,100,30144,GENERIC,"matrix;lifestyle","HELPER_REQUIRED;TOOLS"
8002,"Refrigerator",refrigerator,REFRIGERATOR,60,50,50,1,60,30144,REFRIGERATOR_FULL_SIZE,"refrigerator","DISASSEMBLY;HEAVY;HELPER_REQUIRED;TOOLS"
7549,"Refrigerator - Commercial Size",refrgerator_commercial_size,REFRIGERATOR,450,150,150,1,450,30144,REFRIGERATOR,"fridge;refrigerator;cold;box;ice;storage;food;equipment;commercial;kitchen","HEAVY;HELPER_REQUIRED;TOOLS"
7568,"Refrigerator - Mini",refrigerator_mini,REFRIGERATOR,30,30,0,1,30,30144,REFRIGERATOR_MINI,"fridge;refrigerator;cold;box;ice;storage;food;college;dorm","HELPER_REQUIRED"
8000,"Refrigerator - Residential built-In",refrigerator_-_residential_built-in,REFRIGERATOR,275,150,150,1,275,30144,REFRIGERATOR_FULL_SIZE,"refrigerator;residential","DISASSEMBLY;HEAVY;HELPER_REQUIRED;TOOLS"
8001,"Refrigerator - Residential Standard",refrigerator_-_residential_standard,REFRIGERATOR,60,50,50,1,60,30144,REFRIGERATOR_FULL_SIZE,"refrigerator;residential","DISASSEMBLY;HEAVY;HELPER_REQUIRED;TOOLS"
7585,"Rocking chair",rocking_chair,CHAIR,30,85,0,0.5,30,30144,ROCKING_CHAIR,"glide;glider;rock;rocking;chair","HELPER_REQUIRED"
7759,"Rowing Exercise Machine",rowing_exercise_machine,,100,150,150,0.5,100,30144,ROWING_EXERCISE_MACHINE,"Row;rowing;exercise","HELPER_REQUIRED"
8011,"Safe - Large",safe_large,,600,600,50,0.5,600,30144,SAFE_LARGE,"deposit;box","HEAVY;HELPER_REQUIRED"
7535,"Safe - Personal",safe_-_personal,,35,35,0,0.5,35,30144,SAFE_PERSONAL,"safe;lockbox","HEAVY;HELPER_REQUIRED"
7533,"Safe - Small",safe_-_small,,105,300,0,0.25,105,30144,SAFE_SMALL,"safe;gun;lockbox","HEAVY;HELPER_REQUIRED"
7639,"Salon Chair",salon_chair,CHAIR,40,50,0,0.5,40,30144,GLIDER_ROCKING_CHAIR,"","HELPER_REQUIRED"
7760,"Sandbox - Plastic",sandbox_plastic,,25,25,20,0.25,25,30144,SANDBOX_PLASTIC,"sandpit;sandpile;plaything","HELPER_REQUIRED"
7761,"Sandbox - Wooden",sandbox_wooden,,45,30,30,0.25,45,30144,SANDBOX_WOODEN,"sandpit;sandpile;plaything","HELPER_REQUIRED"
7376,"Satellite Dish - Small",satellite_dish_-_small,,50,0,0,0.25,50,30144,SATELLITE_DISH_SMALL,"dish;sat;satellite","HELPER_REQUIRED"
7937,"Sauna",sauna,,650,800,0,0.5,650,30144,SAUNA,"finnish;jacuzzi;japanese;russian;scandinavian;steam;swedish;turkish;hummum;plunge;bath;room;sweat;wellness;Komowa","HEAVY;HELPER_REQUIRED;TOOLS"
7389,"Scale",scale,,15,0,0,0.5,15,30144,SCALE,"measure;measurement;weighing;machine","HELPER_REQUIRED"
7973,"Sectional Sofa - 2 pieces",sectional_sofa,COUCH,50,65,40,1,50,30144,SECTIONAL_SOFA,"couch;compartmental;divided;segmented;love;seat;sectional;modular","HELPER_REQUIRED"
7972,"Sectional Sofa - 3 pieces",sectional_sofa_three,COUCH,75,65,40,1,75,30144,SECTIONAL_SOFA_THREE,"couch;compartmental;divided;segmented;love;seat;sectional;modular","HELPER_REQUIRED"
7975,"Sectional Sofa - 4 pieces",sectional_sofa_four,COUCH,125,65,40,1,125,30144,SECTIONAL_SOFA_FOUR,"couch;compartmental;divided;segmented;love;seat;sectional;modular","HELPER_REQUIRED"
7974,"Sectional Sofa - 5 pieces",sectional_sofa_five,COUCH,150,65,40,1,150,30144,SECTIONAL_SOFA_FIVE,"couch;compartmental;divided;segmented;love;seat;sectional;modular","HELPER_REQUIRED"
7969,"Sectional Sofa - 6+ pieces",sectional_sofa_six,COUCH,200,65,40,1,200,30144,SECTIONAL_SOFA_SIX,"couch;compartmental;divided;segmented;love;seat;sectional;modular","HELPER_REQUIRED"
7971,"Sectional - with built in Recliner",sectional_-_with_built_in_recliner,COUCH,225,85,40,0.5,225,30144,COUCH,"sofa;recliner;sectional;modular","HEAVY;HELPER_REQUIRED"
7970,"Sectional - with built in Sleeper",sectional_-_with_built_in_sleeper,COUCH,250,90,40,0.5,250,30144,COUCH,"Sofa;sectional;sleeper;modular","HEAVY;HELPER_REQUIRED"
7390,"Sewing Machine",sewing_machine,,15,0,0,0.5,15,30144,SEWING_MACHINE,"embroidering;serger","HELPER_REQUIRED"
7391,"Shoes and Clothing",shoes,,15,0,0,0.5,15,30144,GENERIC,"boots;sandals;tennis;sneakers;high;heels;flats;clogs;slippers;flip;flop;dress;slides;pants;dress;shirt;blouse;sweater;sweatshirt;skirt","HELPER_REQUIRED"
7715,"Shower Kit / Stall - Double",shower_kit_/_stall_-_double,,250,0,0,0.5,250,30144,SHOWER_KIT_STALL_DOUBLE,"shower;kit;stall","HELPER_REQUIRED"
7714,"Shower Kit / Stall - Single",shower_kit_/_stall_-_single,,150,0,0,0.5,150,30144,SHOWER_KIT_STALL_SINGLE,"shower;stall;kit","HELPER_REQUIRED"
7564,"Sideboard",sideboard,TABLE,35,45,25,0.5,35,30144,SIDEBOARD,"buffet;cupboard;console;hallway;furniture;piece;table;Credenza","HELPER_REQUIRED"
7413,"Sleeper Sofa",sleeper_sofa,COUCH,70,65,40,1,70,30144,SLEEPER_SOFA,"hide;a;bed;pull;out;couch;sofabed;reclining sofa;power;sectional;recliner","HEAVY;HELPER_REQUIRED"
7314,"Slide",slide,,30,40,0,0.5,30,30144,SLIDE,"chute","HELPER_REQUIRED"
7710,"Sliding Door",sliding_door,,90,0,0,0.5,90,30144,SLIDING_DOOR,"slider;sliding;door","HEAVY;HELPER_REQUIRED"
7964,"Small Cabinet",small_cabinet,CABINET,30,40,20,0.25,30,30144,ARMOIRE,"cupboard;case;kitchen;corner;locker;cabinet","HELPER_REQUIRED"
7992,"Smoker",smoker,GRILL,50,40,30,0.5,50,30144,SMOKER,"roaster;pit;rotisserie;charcoal;bbq;grill;smoker","HELPER_REQUIRED"
7707,"Snow Blower",snow_blower,,200,0,0,0.5,200,30144,SNOW_BLOWER,"","HELPER_REQUIRED"
7437,"Sofabed",sofabed,COUCH,0,475,0,1,0,30144,COUCH,"sofabed;tablebed;install;Inovabed","HELPER_REQUIRED"
7393,"Speakers",speakers,,25,0,0,0.5,25,30144,SPEAKERS,"audio;speaker;subwoofer","HELPER_REQUIRED"
8006,"Stackable Washer and Dryer",stackable_washer_dryer,WASHER_DRYER,65,0,0,1,65,30144,STACKABLE_WASHER_DRYER,"clothes;tumble;dryer;spin;condenser;drying;machine;laundry;washer","HELPER_REQUIRED"
7774,"Stair Climbing Machine",stair_climbing_machine,,95,45,50,0.5,95,30144,STAIR_CLIMBING_MACHINE,"exercise;machine;stairmaster;stepper;climber;treadclimber;boflex","HEAVY;HELPER_REQUIRED;TOOLS"
7394,"Steamer",steamer,,15,0,0,0.5,15,30144,STEAMER,"laundry;iron;press","HELPER_REQUIRED"
7395,"Stereo System",stereo_system,,25,0,0,0.5,25,30144,STEREO_SYSTEM,"audio;system;cassette;recorder;CD;player;music;centre;center;radio;sound;tape;deck;hi-fi;component;set;console;high-fidelity;pa;sound;board","HELPER_REQUIRED"
7304,"Stool",stool,,15,20,0,0.5,15,30144,STOOL,"seat;footrest;footstool;stool;hassock;bar;ottoman","HELPER_REQUIRED"
7749,"Storage Shed",storage_shed,,1500,300,0,0.5,1500,30144,STORAGE_SHED,"shed;storage;building;outdoor","DISASSEMBLY;HEAVY;HELPER_REQUIRED;TOOLS"
7998,"Stove",stove,RANGE,40,0,0,1.5,40,30144,STOVE,"oven;burner;cook;top;range","HELPER_REQUIRED"
7397,"Stroller",baby_stroller,,20,0,0,0.5,20,30144,BABY_STROLLER,"baby;chair;feeding;baby;buggy;carriage;pushchair","HELPER_REQUIRED"
7320,"Swing(s)",swings,,50,60,0,0.5,50,30144,SWINGS,"swings;playground;equipment;play;ground;glider","HELPER_REQUIRED"
7724,"Swingset - Medium",swingset_medium,,100,500,50,0.5,100,30144,SWINGSET_MEDIUM,"swings;playground;equipment;playground","HEAVY;HELPER_REQUIRED;TOOLS"
8004,"Table",table,TABLE,40,0,0,0.5,40,30144,TABLE_DINING,"table","HELPER_REQUIRED"
7438,"Tablebed",tablebed,COUCH,0,425,0,0.5,0,30144,COUCH,"tablebed;sofabed;install;inovabed","HELPER_REQUIRED"
7563,"Table - Coffee",table_-_coffee,TABLE,25,25,30,0.5,25,30144,COFFEE_TABLE,"Coffee;table;coffeetable","HELPER_REQUIRED"
7562,"Table - Conference Room Table",table_-_conference_room_table,TABLE,75,30,35,2,75,30144,TABLE_CONFERENCE_ROOM_TABLE,"conference;room;table;office","DISASSEMBLY;HEAVY;HELPER_REQUIRED;TOOLS"
7561,"Table - Dining",table_-_dining,TABLE,40,35,30,0.5,40,30144,TABLE_DINING,"dining;table;folding table","HELPER_REQUIRED"
7706,"Table Saw",table_saw,,40,0,0,0.5,40,30144,TABLE_SAW,"","HELPER_REQUIRED"
7366,"Tanning Bed",tanning_bed,,250,150,75,0.5,250,30144,TANNING_BED,"","DISASSEMBLY;HEAVY;HELPER_REQUIRED;TOOLS"
7590,"Television",television,TELEVISION,50,0,0,0.5,50,30144,TELEVISION_FLAT_SCREEN_42IN_OR_LARGER_ICON,"","HELPER_REQUIRED"
7593,"Television - Flat Screen - 25in or less",television_-_flat_screen_-_25in_or_less,TELEVISION,25,0,0,0.5,25,30144,GENERIC,"TV;Set;Television;monitor","HELPER_REQUIRED"
7594,"Television - Flat Screen - 26in to 42in",television_-_flat_screen_-_26in_to_42in,TELEVISION,35,0,0,0.5,35,30144,TELEVISION_FLAT_SCREEN_26IN_TO_42IN,"TV;television;flatscreen;monitor","HELPER_REQUIRED"
7591,"Television - Flat Screen - 42in or larger",television_-_flat_screen_-_42in_or_larger,TELEVISION,50,0,0,0.5,50,30144,TELEVISION_FLAT_SCREEN_42IN_OR_LARGER,"television;tv;flat;screen;flatscreen;monitor","HELPER_REQUIRED"
7592,"Television - Projection",television_-_projection,TELEVISION,150,0,0,0.5,150,30144,TELEVISION_PROJECTION,"television;tv;projection","HEAVY;HELPER_REQUIRED"
7596,"Television - Tube 25in or larger",television_-_tube_25in_or_larger,TELEVISION,275,0,0,0.5,275,30144,TELEVISION_TUBE_25IN_OR_LARGER,"tv;television;tube","HEAVY;HELPER_REQUIRED"
7595,"Television - Tube 25in or under",television_-_tube_25in_or_under,TELEVISION,125,0,0,0.5,125,30144,BAG_OF_JUNK,"TV;television;tube;t.v.","HELPER_REQUIRED"
7800,"Thor 15in Ice Maker",thor_15in_ice_maker,,0,125,0,0.5,0,30144,GENERIC,"thor","HEAVY;HELPER_REQUIRED;TOOLS"
7845,"Thor 24"" Built-in Microwave",thor_24"_built-in_microwave,,0,100,0,1.5,0,30144,MISCELLANEOUS_KITCHEN_APPLIANCES,"Thor","TOOLS"
7938,"Thor 24in Electric Range",thor_24in_electric_range,RANGE,0,150,0,0.5,0,30144,RANGE,"Thor","HELPER_REQUIRED;TOOLS"
7801,"Thor 24in Wine cooler",thor_24in_wine_cooler,,0,55,0,0.5,0,30144,REFRIGERATOR_MINI,"thor","HEAVY;HELPER_REQUIRED;TOOLS"
7890,"Thor 30"" Cooktop",thor_30"_cooktop,,0,125,0,0.5,0,30144,RANGE,"Thor","TOOLS"
7893,"Thor 30"" Drawer Microwave",thor_30"_drawer_microwave,,0,150,0,1.5,0,30144,MISCELLANEOUS_KITCHEN_APPLIANCES,"Thor","TOOLS"
7799,"Thor 30in Range",thor_30in_range,,0,250,0,0.5,0,30144,RANGE,"Thor","HEAVY;HELPER_REQUIRED;TOOLS"
7797,"Thor 36in Electric Range",thor_36in_electric_range,,0,175,0,0.5,0,30144,STOVE,"thor","HEAVY;HELPER_REQUIRED;TOOLS"
7775,"Thor 36in French Door Refrigerator",thor_36in_french_door_refrigerator,,0,175,0,1,0,30144,REFRIGERATOR_FULL_SIZE,"thor","HEAVY;HELPER_REQUIRED;TOOLS"
7846,"Thor 36"" Range",thor_36"_range,RANGE,0,275,0,0.5,0,30144,RANGE,"Thor","HELPER_REQUIRED;TOOLS"
7851,"Thor 36"" Rangetop",thor_36"_rangetop,,0,140,0,0.5,0,30144,RANGE,"Thor;Rangetop;Cooktop","TOOLS"
7791,"Thor Dishwasher",thor_dishwasher,,0,125,0,1,0,30144,DISHWASHER,"thor","HELPER_REQUIRED;TOOLS"
7798,"Thor Outdoor Grill and Cabinet",thor_outdoor_grill_and_cabinet,,0,200,0,0.5,0,30144,GAS_GRILL,"Thor","HEAVY;HELPER_REQUIRED;TOOLS"
7647,"Tire - Automotive",tire_-_automotive,,20,0,0,0.5,20,30144,TIRE,"","HEAVY;HELPER_REQUIRED"
7398,"Toaster Oven",toaster_oven,,15,0,0,1.5,15,30144,TOASTER_OVEN,"conventional;oven;toaster;toaster;convection","HELPER_REQUIRED"
7399,"Toilet",toilet,,35,0,0,0.5,35,30144,TOILET,"latrine;lavatory;outhouse;can;commode;john;potty;privy;throne","HELPER_REQUIRED"
7324,"Tool Bench",tool_bench,,150,70,0,0.5,150,30144,TOOL_BENCH,"tool;bench;toolbench","HEAVY;HELPER_REQUIRED"
7762,"Toolbox - Freestanding",freestandin_toolbox,,30,25,30,0.25,30,30144,GENERIC,"toolkit;kit;toolcase;case;tool;toolset;set;chest;storage","HELPER_REQUIRED"
7319,"Toolbox - Large Rolling",toolbox_-_large_rolling,,150,50,0,0.25,150,30144,TOOLBOX_LARGE_ROLLING,"tool;box;toolbox;rollaway","HEAVY;HELPER_REQUIRED"
7305,"Tool Box - Small",tool_box_-_small,,25,25,0,0.25,25,30144,TOOL_BOX_SMALL,"","HELPER_REQUIRED"
7315,"Toy Box",toy_box,,25,40,0,0.25,25,30144,TOY_BOX,"","HELPER_REQUIRED"
7721,"Trampoline",trampoline,,140,150,75,0.5,140,30144,TRAMPOLINE,"jumping;outdoor;gymnastic","HEAVY;HELPER_REQUIRED;TOOLS"
7763,"Trampoline - Jumbo - Assembly",trampoline_-_jumbo_-_assembly,,0,275,0,0.5,0,30144,TRAMPOLINE_JUMBO_ASSEMBLY,"","HEAVY;HELPER_REQUIRED;TOOLS"
7764,"Trampoline - Large - Assembly",trampoline_-_large_-_assembly,,0,175,0,0.5,0,30144,TRAMPOLINE_LARGE_ASSEMBLY,"","HEAVY;HELPER_REQUIRED;TOOLS"
7765,"Trampoline - Medium - Assembly",trampoline_-_medium_-_assembly,,0,135,0,0.5,0,30144,TRAMPOLINE_MEDIUM_ASSEMBLY,"","HEAVY;HELPER_REQUIRED;TOOLS"
7766,"Treadmill",treadmill,,95,85,50,1,95,30144,TREADMILL,"running;machine;folding;treadmill;exercise;cardio","HEAVY;HELPER_REQUIRED;TOOLS"
7818,"Treadmill - Commercial",treadmill_commercial,TREADMILL,200,150,0,1,200,30144,TREADMILL_COMMERCIAL,"commercial;treadmill;running;machine;exercise;cardio;norditrack;nordictrack","HEAVY;HELPER_REQUIRED;TOOLS"
7767,"Treadmill - Residential",treadmill_-_residential,TREADMILL,95,85,50,1,95,30144,TREADMILL,"treadmill","HELPER_REQUIRED"
7816,"trundle bed",trundle_bed,,75,0,0,0.5,75,30144,BED_FRAME_SET,"","DISASSEMBLY;HEAVY;HELPER_REQUIRED;TOOLS"
7559,"TV Stand",tv_stand,TV_STAND,30,65,30,0.5,30,30144,TV_STAND,"TV;stand","HELPER_REQUIRED"
7400,"Vacuum",vacuum,,20,0,0,0.5,20,30144,VACUUM,"cleaner;roomba;dustbuster","HELPER_REQUIRED"
7768,"Vanity - Large",large_vanity,,75,180,75,0.5,75,30144,GENERIC,"bathroom;sink;counter;pedestal;powder;room;cabinet","HEAVY;HELPER_REQUIRED"
7326,"Vanity - Medium",medium_vanity,,40,150,0,0.5,40,30144,MEDIUM_VANITY,"bathroom;sink;counter;pedestal;powder;room;cabinet","HELPER_REQUIRED"
7325,"Vanity - Small",small_vanity,,35,70,0,0.25,35,30144,SMALL_VANITY,"bathroom;sink;counter;pedestal;powder;room;cabinet","HELPER_REQUIRED"
8003,"Vending Machine",vending_machine,REFRIGERATOR,275,150,150,0.5,275,30144,REFRIGERATOR_COMMERCIAL_SIZE,"vending;machine","HEAVY;HELPER_REQUIRED"
7980,"Vertical Chest of Drawers",vertical_chest_of_drawers,DRESSER,40,30,0,0.5,40,30144,DRESSER,"dresser;vertical;chest","HELPER_REQUIRED"
7978,"Vertical Dresser",vertical_dresser,DRESSER,40,0,0,0.5,40,30144,DRESSER,"dresser","HELPER_REQUIRED"
8045,"VRO8",vro8,REFRIGERATOR,150,0,0,0.5,150,30144,WINE_COOLER_LARGE,"Novamex","HEAVY;HELPER_REQUIRED"
8005,"Washer",washer,WASHER_DRYER,30,100,0,1,30,30144,WASHER,"washing;machine;laundry;clothes;washer","HELPER_REQUIRED"
7615,"Waterbed",waterbed,BED_FRAME,300,0,0,0.5,300,30144,WATERBED,"water;bed;waterbed","DISASSEMBLY;HEAVY;HELPER_REQUIRED;TOOLS"
7723,"Water Heater",water_heater,,85,0,0,0.5,85,30144,WATER_HEATER,"water;heater","HELPER_REQUIRED"
7728,"Weed Eater / Trimmer",weed_eater_/_trimmer,,20,0,0,0.5,20,30144,WEED_EATER_TRIMMER,"Weed;eater;weedeater;trimmer","HELPER_REQUIRED"
7769,"Weight Bench",weight_bench,,20,35,20,0.5,20,30144,WEIGHT_BENCH,"bench;weight;stand","HELPER_REQUIRED;TOOLS"
7770,"Weight Bench Set",weight_bench_set,,50,70,50,0.5,50,30144,WEIGHT_BENCH_SET,"bench;weight;stand;set;barbell;plates;discs;weights;dumbell","HEAVY;HELPER_REQUIRED;TOOLS"
7657,"Weight Machine",weight_machine,,100,145,65,0.5,100,30144,WEIGHT_MACHINE,"bench;weight;stand;set;barbell;plates;discs;weights;dumbbell;bowflex;gym;lifting;station;system;home;leg;press","HEAVY;HELPER_REQUIRED;TOOLS"
7418,"Wheelbarrow",wheelbarrow,,30,0,0,0.5,30,30144,GENERIC,"cart;wheel;barrow","HELPER_REQUIRED"
7348,"Wheelchair - Motorized",wheelchair_-_motorized,,250,0,0,0.5,250,30144,WHEELCHAIR_MOTORIZED,"Wheelchair;scooter","HELPER_REQUIRED"
7717,"WheelChair - non motorized",wheelchair_-_non_motorized,,20,0,0,0.5,20,30144,WHEELCHAIR_NON_MOTORIZED,"","HELPER_REQUIRED"
7573,"Wine Cooler - Large",wine_cooler_large,FREEZER,150,100,0,0.5,150,30144,WINE_COOLER_LARGE,"wine;chiller;box;storage","HELPER_REQUIRED"
7572,"Wine Cooler - Small",wine_cooler_small,FREEZER,50,60,0,0.25,50,30144,WINE_COOLER_SMALL,"wine;chiller;box;storage","HELPER_REQUIRED"
8060,"Wood Pallet",wood_pallet,,10,0,0,0.5,10,30144,WOOD_PALLET,"pallet;base;wood","HELPER_REQUIRED"
7930,"Misc. Large Unlisted Item",misc._large_unlisted_item,,150,200,0,0.5,150,30144,GENERIC,"","HELPER_REQUIRED"
7929,"Misc. Medium Unlisted Item",misc._medium_unlisted_item,,75,100,0,0.5,75,30144,GENERIC,"","HELPER_REQUIRED"
7931,"Misc. Small Unlisted Item",misc._small_unlisted_item,,35,75,0,0.25,35,30144,GENERIC,"","HELPER_REQUIRED"